{
    "pools": [
        {
            "rolls": 1,
            "entries": [
                {
                    "type": "minecraft:item",
                    "name": "minecraft:music_disc_11",
                    "functions": [
                        {
                            "function": "minecraft:set_nbt",
                            "tag": "{id:\"test:music_disc_5\",record:{power_level:5,command:\"execute as @e[tag=Jukebox,limit=1,sort=nearest] at @s run playsound example:music_disc.5 record @a ~ ~ ~ 4 1 0\"},HideFlags:32,CustomModelData:15,display:{Name:'{\"translate\":\"item.example.music_disc_5\",\"italic\": false}',Lore:['{\"translate\":\"item.example.music_disc_5.desc\",\"color\":\"gray\",\"italic\": false}']}}"
                        }
                    ]
                }
            ]
        }
    ]
}